Username,Attempt pass/fail,Login Attempt,IP address,,
skjkjhflslk,PASS,2024-04-02 14:30,127.0.0.1,,
aayush,PASS,2024-04-02 14:31,127.0.0.1,,
priyanshu,PASS,2024-04-02 14:32,127.0.0.1,,
skjkjhflslk,PASS,2024-04-02 14:33,127.0.0.1,,
priyanshu,PASS,2024-04-02 14:36,127.0.0.1,,
aayush,PASS,2024-04-02 14:39,127.0.0.1,,
skjkjhflslk,PASS,2024-04-02 14:50,127.0.0.1,,
skjkjhflslk,PASS,2024-04-02 14:51,127.0.0.1,,
skjkjhflslk,PASS,2024-04-02 14:52,127.0.0.1,,
aayush,PASS,2024-04-02 14:58,127.0.0.1,,
aayush,PASS,2024-04-03 23:42,127.0.0.1,,
aayush,PASS,2024-04-03 23:43,127.0.0.1,,